<?xml version="1.0" encoding="UTF-8" ?>
<!DOCTYPE struts PUBLIC
        "-//Apache Software Foundation//DTD Struts Configuration 2.0//EN"
        "http://struts.apache.org/dtds/struts-2.0.dtd">

<struts>
    <package name="" namespace="/" extends="struts-default">
        <action name="home">
            <result>client/index.jsp</result>
        </action>

        <action name="test" class="com.toddle.products.ToddleProductsAction">
            <result name="success">client/index.jsp</result>
        </action>
    </package>
</struts>